locations,freq,novel
yon hill,1,WizardAndGlass
the River Send Jake,1,WizardAndGlass
The orange grove,1,WizardAndGlass
the Inner Crescent,1,WizardAndGlass
the Travellers Rest From,1,WizardAndGlass
the smoky canyon,1,WizardAndGlass
the Emerald City,1,WizardAndGlass
Hanging Rock,1,WizardAndGlass
Mount Everest,1,WizardAndGlass
No Grand Canyon,1,WizardAndGlass
the Drop Rolands,1,WizardAndGlass
River Crossing You,1,WizardAndGlass
Ocean Foam,1,WizardAndGlass
Hanging Rock Alain,1,WizardAndGlass
Stockworth Lucas Rivers,1,WizardAndGlass
Gage Park Jake,1,WizardAndGlass
Wide Earth,2,WizardAndGlass
the Seacoast Road,2,WizardAndGlass
the orange grove,2,WizardAndGlass
canyon west,2,WizardAndGlass
Wide Earth and Full Earth,2,WizardAndGlass
the River Send,3,WizardAndGlass
Central Park,3,WizardAndGlass
River Crossing,4,WizardAndGlass
the Western Sea,5,WizardAndGlass
Eyebolt Canyon,12,WizardAndGlass
Pylon north,1,WizardAndGlass
the Inner Arc,2,WizardAndGlass
Heartland Park Race,1,WizardAndGlass
the Green Somewhere,1,WizardAndGlass
Full Earth,1,WizardAndGlass
Harriers Harriers Mount,1,WizardAndGlass
Southeast Sixtyfirst Street,1,WizardAndGlass
the Clean Sea,1,WizardAndGlass
the Western Drop,1,WizardAndGlass
the dry creek,1,WizardAndGlass
New Canaan,1,WizardAndGlass
the Turtle Reynolds,1,WizardAndGlass
Eyebolt Canyon Roland,1,WizardAndGlass
the Travellers Rest Not,1,WizardAndGlass
Red Hillock,1,WizardAndGlass
New England,1,WizardAndGlass
San Franciscos Golden Gate Bridge,1,WizardAndGlass
the Old Quarter,1,WizardAndGlass
the Barony of Mejis,1,WizardAndGlass
Seacoast Roads,1,WizardAndGlass
the South Pole,1,WizardAndGlass
Central Park Jake,1,WizardAndGlass
the Great Road,1,WizardAndGlass
Gileads Old Quarter,1,WizardAndGlass
Dearborn Stockworth,1,WizardAndGlass
Southwest Edge,1,WizardAndGlass
the Demon Moon,1,WizardAndGlass
the Great Old Ones,1,TheWasteLands
the middle area,1,TheWasteLands
the West River Barony,1,TheWasteLands
City North Topsy,1,TheWasteLands
Cape Canaveral Eddie,1,TheWasteLands
Wide Earth and Full Earth,1,TheWasteLands
the Turtle Bay Luxury Condominiums,1,TheWasteLands
the Great Road,3,TheWasteLands
the Cradle Water,1,TheWasteLands
the West Woods,2,TheWasteLands
Dutch Hill,2,TheWasteLands
the St Louis,3,TheWasteLands
the Western Sea,6,TheWasteLands
the Send River,4,TheWasteLands
NORTH CENTRAL POSITRONICS WELCOMES,1,TheWasteLands
the River Barony,1,TheWasteLands
Mystic Connecticut,1,TheWasteLands
the East River,1,TheWasteLands
the Great West Woods,1,TheWasteLands
Tull Go,1,TheWasteLands
the River Crossing,1,TheWasteLands
the East River Drive,1,TheWasteLands
Coney Island,1,TheWasteLands
The Great Old,1,TheWasteLands
the East Village,1,TheWasteLands
River Crossing TOUGH TITTY,1,TheWasteLands
the Sea of Galilee,1,TheWasteLands
Easter Island,1,TheWasteLands
Black Fork Arizona,1,TheWasteLands
the Roland Zone,1,TheWasteLands
Jake Earth,1,TheWasteLands
the Western Earth,1,TheWasteLands
River Crossing,19,TheWasteLands
Estes Park,3,TheShining
New England,6,TheShining
Central Colorado,1,TheShining
Joe Hill King,1,TheShining
SurfSand Resort,1,TheShining
Rocky Mountain,1,TheShining
the Throne of Almighty,1,TheShining
Jacks orange library,1,TheShining
Red River Valley,1,TheShining
the Garment District,1,TheShining
Stovington Fortythousanddollar,1,TheShining
the Rocky Mountains The Overlook Hotel,1,TheShining
Al Al,1,TheShining
Boulder Best,1,TheShining
Dr Edmondss,1,TheShining
the West Coast,1,TheShining
Pearl Harbor,1,TheShining
Overlooks west,2,TheShining
Chatterton Lake You,2,TheShining
the Midwest Smuggling,1,TheShining
West Jack,1,TheShining
Long Lake,1,TheShining
Honk Peek Out,1,TheShining
the Flying Fortresses,1,TheShining
the Western Slope,1,TheShining
the Desatoya Mountains,1,TheLittleSistersOfEluria
The Bustling Pig,1,TheLittleSistersOfEluria
Gallows Hill,1,TheGunslinger
the South Islands,1,TheGunslinger
Main St,1,TheGunslinger
the Mohaine Desert,1,TheGunslinger
Dwellers Weed Desert,1,TheGunslinger
the Tower Go,1,TheGunslinger
Malden Trisha,1,TheGirlWhoLovedTomGordon
the Shaker Village,1,TheGirlWhoLovedTomGordon
Pyramids Kings,1,TheGirlWhoLovedTomGordon
the West Coast,1,TheGirlWhoLovedTomGordon
Shaker Village,1,TheGirlWhoLovedTomGordon
Little Big Horn,2,TheGirlWhoLovedTomGordon
New England,2,TheGirlWhoLovedTomGordon
West Coast,2,TheGirlWhoLovedTomGordon
Old Orchard Beach,1,TheGirlWhoLovedTomGordon
green hill,1,TheGirlWhoLovedTomGordon
Old Orchard,1,TheGirlWhoLovedTomGordon
the Saco River,1,TheGirlWhoLovedTomGordon
Boston Harbor,1,TheGirlWhoLovedTomGordon
the Misty Mountains,1,TheGirlWhoLovedTomGordon
White Mountains,1,TheGirlWhoLovedTomGordon
Green Mount,1,TheGirlWhoLovedTomGordon
Mo Vaughn,1,TheGirlWhoLovedTomGordon
New Englands,1,TheGirlWhoLovedTomGordon
Bug Island,1,TheGirlWhoLovedTomGordon
West th Katzs Drugs,1,TheDrawingOfTheThree
Key Roland,1,TheDrawingOfTheThree
Silicon Valley,1,TheDrawingOfTheThree
Wild West,1,TheDrawingOfTheThree
Henry Earth,1,TheDrawingOfTheThree
Cony Island,1,TheDrawingOfTheThree
Sedonville Connecticut Balazar,1,TheDrawingOfTheThree
Central Park,2,TheDrawingOfTheThree
Central Park West,1,TheDrawingOfTheThree
the Eastern Seaboard,1,TheDrawingOfTheThree
the Junkie Shuffle,2,TheDrawingOfTheThree
Central Park South,2,TheDrawingOfTheThree
the Western Sea,8,TheDrawingOfTheThree
Wildwood Green,1,TheDeadZone
Dairy Queens,1,TheDeadZone
Delta Tau Delta,1,TheDeadZone
Southwest Bend,1,TheDeadZone
the Greenwood River,1,TheDeadZone
the Rangely Lakes,1,TheDeadZone
North America,1,TheDeadZone
the Lakes Region,1,TheDeadZone
the Far East,1,TheDeadZone
Panama Canal,1,TheDeadZone
the Pacific Ocean,1,TheDeadZone
the RAPPAHANNOCK RIVER,1,TheDeadZone
the Third District,1,TheDeadZone
the Atlantic Ocean,1,TheDeadZone
the South Pole,3,TheDeadZone
Strimmers Brook,2,TheDeadZone
South Pole,2,TheDeadZone
Red River Valley,2,TheDeadZone
Jackson Mountain,1,TheDeadZone
New England,14,TheDeadZone
the Penobscot River,1,TheDeadZone
the Lake of FIRE,1,TheDeadZone
Paradise The Stonkerses,1,TheDeadZone
the West Coast,1,TheDeadZone
the New Left,1,TheDeadZone
New England,1,TheDarkTower
Death Valley Days,1,TheDarkTower
Eyebolt Canyon,1,TheDarkTower
The Kings,1,TheDarkTower
the Horn of Eld,1,TheDarkTower
Central Park,14,TheDarkTower
the Fedic Dogan,1,TheDarkTower
Sea World,1,TheDarkTower
the cityNew York,1,TheDarkTower
the Dixie Pig Susannah,1,TheDarkTower
the Wizards Rainbow,1,TheDarkTower
the Arc OThe Borderlands,1,TheDarkTower
the Discordia Jake,1,TheDarkTower
Kezar Lake,1,TheDarkTower
the Dixie Pig,12,TheDarkTower
Dutch Hill,2,TheDarkTower
Cape Cod,2,TheDarkTower
the White Lands of Empathica,2,TheDarkTower
the East Road,3,TheDarkTower
the Old Red Thing,1,TheDarkTower
the River Whye,4,TheDarkTower
the Western Sea,5,TheDarkTower
the White Lands,5,TheDarkTower
River Crossing,5,TheDarkTower
HIGHLAND LAKE,1,TheDarkTower
the Dixie Pig Can,1,TheDarkTower
New YorktoFedic,1,TheDarkTower
South America,1,TheDarkTower
the Full Earth,1,TheDarkTower
the Old Red King,1,TheDarkTower
Earth Poor old,1,TheDarkTower
the Xay River,1,TheDarkTower
the Red Sea,1,TheDarkTower
The Dead Zone,1,TheDarkTower
Badlands Jake,1,TheDarkTower
Mother Earth,1,TheDarkTower
Mount Everest,1,TheDarkTower
the Badlands Badlands,1,TheDarkTower
the Staging Area,1,TheDarkTower
Keystone Earth,2,TheDarkTower
Stoneham Corners,1,TheDarkTower
the Mohaine Desert,2,TheDarkTower
North America,1,TheDarkTower
Old White Gunslinger Daddy,1,TheDarkTower
the Cuyahoga River,1,TheDarkTower
North Central,1,TheDarkTower
the Sea Breeze Inn,1,TheDarkTower
the South Plains,1,TheDarkTower
Sunset Cottage,1,TheDarkTower
the White Mountains,1,TheDarkTower
New Yorks,1,SongOfSusannah
Lewiston Sun,1,SongOfSusannah
East Fryeburg,1,SongOfSusannah
Psych One Close,1,SongOfSusannah
the River,1,SongOfSusannah
the White Mountains,1,SongOfSusannah
Dutch Hill,1,SongOfSusannah
the River Whye,1,SongOfSusannah
Ayuh Stephen Kings,1,SongOfSusannah
The Waste Lands,1,SongOfSusannah
the Mississippi moon,1,SongOfSusannah
the FairDay Goose,1,SongOfSusannah
the Turtle Bay Washateria,1,SongOfSusannah
the Mississippi Summer Project,1,SongOfSusannah
Slab City Hill,1,SongOfSusannah
North Windham,1,SongOfSusannah
Turtle Bay Luxury Condominiumswhich,1,SongOfSusannah
Dimity Roads,1,SongOfSusannah
Fedic Scenic Aftermath of the Red Death,1,SongOfSusannah
the Black Hole of Calcutta,1,SongOfSusannah
Coney Island,1,SongOfSusannah
Grand Coulee Dam,1,SongOfSusannah
North Central,1,SongOfSusannah
New Yorkthe,1,SongOfSusannah
Black Thirteens,1,SongOfSusannah
Black Thirteen,1,SongOfSusannah
North Central Positronics,3,SongOfSusannah
Coney Islandshe,1,SongOfSusannah
the Dixie Pig,16,SongOfSusannah
the East Road,5,SongOfSusannah
New England,4,SongOfSusannah
the Western Sea,5,SongOfSusannah
CoOp Citys,2,SongOfSusannah
River Crossing,2,SongOfSusannah
NORTH CENTRAL POSITRONICS,2,SongOfSusannah
Hammarskjld Plaza,2,SongOfSusannah
the Old Farmer,1,SalemsLot
the Back Stage Road,1,SalemsLot
Cobbs Ferry,1,SalemsLot
the Marshes Pirates,1,SalemsLot
the American Southwest,1,SalemsLot
the Schoolyard Hill,1,SalemsLot
Pearl Kineo,1,SalemsLot
Schoolyard Hill,1,SalemsLot
Harriet Durham,1,SalemsLot
Sebago Lake,1,SalemsLot
the Middle East,1,SalemsLot
red orange,1,SalemsLot
South Jointner,1,SalemsLot
Harmony Hill Cemetery,1,SalemsLot
Marstens Hill,2,SalemsLot
Cape Cod,1,SalemsLot
Harmony Hill Everybody,1,SalemsLot
South Jointner Avenue,2,SalemsLot
the Bend Road,1,SalemsLot
the Royal River,2,SalemsLot
New England,10,SalemsLot
Harmony Hill,6,SalemsLot
the West Coast,1,Misery
Victorian England,1,Misery
Sidewinder Colorado,1,Misery
the Valley of Bones,1,Misery
Central Park,1,Misery
Grand Odyssey,1,Misery
the East Side,1,Misery
Humbuggy Mountain,1,Misery
South America,1,Misery
the Big Hole,1,Misery
the Western Slope,1,Misery
Spanish Harlem,1,Misery
Rancho Grande,1,Misery
Western Slope,1,Misery
Calthorpe Hill,2,Misery
Steamboat Heaven,3,Misery
the Governors Mansion,1,It
the Rhulin Farms,1,It
the Barrens Beverly,1,It
JuhJuhhooniper Hill,1,It
Central Europe,1,It
El Katook,1,It
Penobscot River,1,It
JuhJuhhooniper Hill Haha,1,It
Suhhouth America,1,It
the Kitchener Ironworks,2,It
the Penobscot River,2,It
Derry Park,2,It
the Black Lagoon,2,It
Juniper Hill,2,It
UpMile Hill,2,It
Poohs Corner,2,It
West Garden,2,It
Wallys Spa,2,It
Carson Lake,2,It
Pearl Harbor,1,It
Fuckdrunk Rye,1,It
Havens Big Injun Woods,1,It
the Atlantic Ocean,1,It
Black Cat,1,It
the Upper Kenduskeagat,1,It
McCarron Park,1,It
the Bluebird Hill Overlook,1,It
the Penobscot Valley,1,It
Ship n Shore Crazy,1,It
Derry Canal,1,It
Philly Loubird,2,It
Outer Main Street,1,It
the Kitchener Ironworkshe,1,It
West Broadway Also,1,It
Canal Main,1,It
the North Patty,1,It
Downtown Derry,1,It
the St Johns Valley,1,It
Old Kentucky,1,It
West Broadway Henry,1,It
the Tournament of Roses Parade,1,It
Earth Angelmy,1,It
Derry Elementary Henry,1,It
Mount Hope Cemetery,1,It
the Topanga Canyon,1,It
The Kitchener Ironworks,1,It
Pleasure Island,1,It
Greyhound north,1,It
the Long Island Expressway,1,It
the Great Plains,1,It
Highway Patrol Ben Hanscoms,1,It
Cape Cod Limousine,1,It
the World Beverly,1,It
the Blarney stone She,1,It
the Kenduskeag River,1,It
the Barrens,1,It
Brewster Lake,1,It
Bassey Park the Kissing Bridge,1,It
the Barrens the Kenduskeag,1,It
the Old Cape or,1,It
the North Pole,1,It
Sherburn Woods,1,It
Pecks Big Boystyle,1,It
the Colorado River,1,It
Wild Turkey Mike,1,It
Atlantic Avenue,1,It
the Great Southern,1,It
the East Coast,1,It
the Sundaysilent Ironworks,1,It
Mount Hope Cemetery Rotting,1,It
Topanga Canyon,1,It
Black Lagoon,1,It
the Hainesville Woods,1,It
the Pacific Ocean,1,It
Heroux Stop,1,It
Pasture Road,2,It
a MINESHAFT Henry,1,It
Cape Cod,2,It
Old Cape,6,It
Derry Water,2,It
West Broadway,27,It
the Black Spot,16,It
New England,14,It
Bassey Park,13,It
the Old Cape,9,It
Memorial Park,8,It
the Bassey Park,2,It
The Black Rapids,4,It
Derry Elementary,3,It
South America,3,It
Ship n Shore,3,It
Bar Harbor,3,It
Southern Seacoast,3,It
the Brickyard Hill,1,Carrie
West Endthe,1,Carrie
the Roller Derbys,1,Carrie
East Side,1,Carrie
Western Maine,1,Carrie
New England,2,Carrie
Brickyard Hill,3,Carrie
Courthouse Park,1,Carrie
North America,1,BlackHouse
West End,1,BlackHouse
French Landing Potsie,1,BlackHouse
Luckys Tavern Patty Loveless,1,BlackHouse
Dog Island,1,BlackHouse
South Chicago Henry,1,BlackHouse
the Territories,1,BlackHouse
Black House Walking,1,BlackHouse
the Northern Hemisphere,1,BlackHouse
French County Jack,1,BlackHouse
Santa Monica Pier,1,BlackHouse
Opopanax River,1,BlackHouse
Breton Woods,1,BlackHouse
NORWAY VALLEY ROAD,1,BlackHouse
Harko Harko,1,BlackHouse
the East Coast,1,BlackHouse
the Territories OnWorld,1,BlackHouse
Black Houses,1,BlackHouse
the Territories Speedy,1,BlackHouse
Strawberry Fest,1,BlackHouse
the Peninsula Drive,1,BlackHouse
the Territories Speaking,1,BlackHouse
Norway Valley Road,5,BlackHouse
French Landing,6,BlackHouse
Seabrook Island,9,BlackHouse
French County,11,BlackHouse
Norway Valley,12,BlackHouse
the North Pole,1,BlackHouse
Territories Gorg,1,BlackHouse
the Isle of Irse,1,BlackHouse
Second Bobby Dulac,1,BlackHouse
Norway Valley Road Mouse,1,BlackHouse
the Fisherman Henry,1,BlackHouse
French Landing Henry,1,BlackHouse
Norway Valley Road Jack Sawyer,1,BlackHouse
the Atlantic Ocean,1,BlackHouse
ARCTIC CIRCLE,1,BlackHouse
Key Lime,1,BlackHouse
Norway Valley Road Henry,2,BlackHouse
Harko Illinois Sonny,1,BlackHouse
Mississippi River,2,BlackHouse
the Coulee Country,2,BlackHouse
Mount Hebron,2,BlackHouse
Green Bay,2,BlackHouse
Cape Cod,3,BlackHouse
the Territories Jack,3,BlackHouse
Peninsula Drive,3,BlackHouse
Earth Birds,1,BlackHouse
Green Bay Green Bay,1,BlackHouse
the End Zone,1,BlackHouse
Coulee Country,1,BlackHouse
Symphonic Stan,1,BlackHouse
St Peters Basilica,1,BlackHouse
Gol Gol Golden,1,BlackHouse
the Everglades Dale,1,BlackHouse
French County Lutheran Hospital,1,BlackHouse
the Pacific Coast Highway,1,BlackHouse
THE TERRITORIES,1,BlackHouse
Chevrolets Mideast,1,BlackHouse
Territories Somewhere,1,BlackHouse
Rice Lake,1,BlackHouse
Goltzs Henry,1,BlackHouse
the Territories All,1,BlackHouse
the Territories Because Jack,1,BlackHouse
Tamarack Creek,1,BlackHouse
the Hanover River,1,BlackHouse
the Territories as,1,BlackHouse
Freak Alley,2,BagOfBones
Key Largo Key West,1,BagOfBones
The North Village,1,BagOfBones
Cape Cod,1,BagOfBones
Fire Island,1,BagOfBones
Wasp Hill,2,BagOfBones
New England,4,BagOfBones
Down East,2,BagOfBones
Western Maine,2,BagOfBones
the White Mountains,3,BagOfBones
Wasp Hill Road,5,BagOfBones
Halo Bay,6,BagOfBones
Key Largo,10,BagOfBones
the Red Sea,1,BagOfBones
UpMile Hill,1,BagOfBones
Mount Everest,1,BagOfBones
the Upper Bay,1,BagOfBones
Rangely Lakes,1,BagOfBones
Maple Hill,1,BagOfBones
the South Seas See the Human Skeleton See the Human Gila Monster,1,BagOfBones
the East Village,1,BagOfBones
the Northern Hemisphere,1,BagOfBones
Cam Delancey,1,BagOfBones
a Jet Ski,1,BagOfBones
Shit Creek,1,BagOfBones
MottonKashwakamakCastle View,1,BagOfBones
The Sunset Bar,1,BagOfBones
Strawford Park,1,BagOfBones
East Coast,1,BagOfBones
the Deep Bay Road,1,BagOfBones
the South Seas,1,BagOfBones
Mount Washington,1,BagOfBones
Black Mountain Rag,1,BagOfBones
Days Hill,1,BagOfBones
Quarry Jared,1,BagOfBones
the Emerald City,1,BagOfBones
Peabody Hill,1,BagOfBones
the Middle Bay,1,BagOfBones
the Key West,1,BagOfBones
