novel,neighbour,strength
Carrie,Song Of Susannah,2
Carrie,The Dark Tower,1
Carrie,The Dead Zone,1
Misery,The Dark Tower,2
Salems Lot,Song Of Susannah,16
Salems Lot,The Dark Tower,1
Salems Lot,The Gunslinger,1
The Dark Tower,Song Of Susannah,18
The Dark Tower,The Drawing Of The Three,3
The Dark Tower,The Gunslinger,3
The Dark Tower,The Waste Lands,1
The Dark Tower,Wizard And Glass,1
The Dead Zone,Song Of Susannah,1
The Dead Zone,The Dark Tower,1
The Gunslinger,Song Of Susannah,6
The Gunslinger,The Drawing Of The Three,2
The Gunslinger,Wizard And Glass,1
The Shining,Song Of Susannah,3
The Shining,The Drawing Of The Three,2
The Shining,The Gunslinger,1
The Shining,Wizard And Glass,1
The Waste Lands,Song Of Susannah,3
The Waste Lands,The Drawing Of The Three,1
